ArrivalRate,GreenTime,RedTime,Lanes,Duration,AvgWaitTime,MaxQueue,Throughput,Congestion
20,89,24,1,189,63.31585692251315,24,422,5.333333333333333
8,67,65,2,224,40.50686059456335,36,444,7.647058823529412
11,58,28,3,143,24.80530257898614,102,497,5.220338983050848
24,52,70,1,143,71.3000065266987,37,163,31.69811320754717
15,51,83,1,284,38.769329648692505,50,462,23.942307692307693
15,35,73,2,238,25.497259514759754,10,279,30.416666666666668
12,76,46,1,204,34.20252272785582,17,362,7.1688311688311686
27,74,29,3,89,24.811405443762393,45,307,10.44
33,73,72,1,196,15.549995482385196,32,155,32.108108108108105
19,82,34,1,104,82.54696267968616,10,429,7.783132530120482
17,21,27,2,141,27.43184823991437,18,121,20.863636363636363
6,27,69,3,213,21.478901190640656,93,255,14.785714285714286
38,63,23,3,296,26.999858981876187,51,343,13.65625
24,88,48,3,75,29.952766736359937,33,153,12.9438202247191
25,69,36,2,113,23.533032177198923,78,106,12.857142857142858
25,65,67,3,82,30.116426811493472,120,244,25.37878787878788
32,79,66,2,69,37.02431830808292,16,419,26.4
16,80,31,3,244,12.922762140763387,48,178,6.1234567901234565
24,45,70,1,175,31.699989911956084,30,340,36.52173913043478
16,79,42,1,291,53.090658251002345,37,473,8.4
10,33,74,2,132,40.0783503293718,54,280,21.764705882352942
21,26,73,1,201,43.915402562985946,17,410,56.77777777777778
18,24,35,1,156,30.057946690012226,30,377,25.2
6,59,49,1,222,78.53525272137804,7,400,4.9
17,87,79,1,64,85.50924098709486,23,233,15.261363636363637
28,78,73,3,90,25.13499087498677,48,398,25.873417721518987
11,42,29,1,243,68.45849074483992,49,497,7.4186046511627906
20,85,81,3,214,21.729727849348865,54,137,18.837209302325583
36,60,21,3,160,16.11709671895576,36,470,12.39344262295082
39,33,67,3,193,7.713353345231723,93,309,76.8529411764706
33,20,78,1,207,77.85257314580285,7,140,122.57142857142857
13,58,25,2,140,15.226021935097386,48,460,5.508474576271187
21,32,61,1,248,15.266350692090693,6,196,38.81818181818182
30,34,42,1,107,22.58453272442389,44,207,36.0
18,36,24,1,279,74.35086700565846,7,385,11.675675675675675
13,88,21,2,76,39.346275530362725,58,254,3.067415730337079
11,61,42,2,196,22.786794799319626,98,286,7.451612903225806
9,33,37,1,112,17.731187177115764,27,415,9.794117647058824
33,85,85,2,292,34.351731425499395,90,171,32.616279069767444
37,51,43,3,287,31.253706967995715,63,388,30.596153846153847
7,37,49,1,238,20.204815040138,41,248,9.026315789473685
10,45,37,1,116,13.674313927365542,48,136,8.043478260869565
32,76,26,1,289,23.624363908745384,22,335,10.805194805194805
5,30,40,3,197,10.893692391065215,42,132,6.451612903225806
22,41,29,1,250,51.29284857476043,17,426,15.19047619047619
5,52,59,1,261,67.28282259774483,18,490,5.566037735849057
14,85,47,2,249,24.031663378803856,14,113,7.651162790697675
9,28,43,1,287,16.620278954600565,25,101,13.344827586206897
28,26,85,3,64,22.744660694148404,117,182,88.14814814814815
17,75,78,2,157,20.92874088038745,22,163,17.44736842105263
20,32,84,3,205,6.6754372152960535,99,489,50.90909090909091
22,41,24,2,226,47.0364303818602,66,460,12.571428571428571
23,83,54,1,70,50.55141019292807,24,385,14.785714285714286
21,68,23,2,248,43.09449394454523,42,422,7.0
23,35,76,3,189,20.849059657474132,135,468,48.55555555555556
22,36,70,2,198,22.415326474265182,82,333,41.62162162162162
26,85,47,1,264,97.98558653540819,5,221,14.209302325581396
32,50,58,3,118,16.048957736943745,90,467,36.3921568627451
18,86,39,1,106,71.20075895391972,22,439,8.068965517241379
28,35,53,2,143,16.783046189306884,36,176,41.22222222222222
16,66,23,3,194,19.112176595071663,99,474,5.492537313432836
37,57,36,2,94,33.9227808364345,44,421,22.96551724137931
24,46,86,3,184,21.002130828891072,105,436,43.91489361702128
11,61,68,1,71,81.54394990315846,8,267,12.064516129032258
16,49,57,3,80,17.03190576270215,105,401,18.24
35,29,82,1,270,42.10818783168146,45,489,95.66666666666667
10,41,73,3,71,11.123516856836034,36,193,17.38095238095238
14,58,64,2,214,38.2802149319692,14,416,15.186440677966102
24,72,23,2,171,16.47272696518884,44,268,7.561643835616438
19,62,56,3,177,6.33957279521356,45,416,16.88888888888889
28,76,47,3,286,13.758430636294662,51,393,17.09090909090909
16,83,32,3,253,17.987005452690394,114,186,6.095238095238095
20,22,21,3,248,11.731341452048852,144,161,18.26086956521739
38,73,37,3,171,18.657617592943215,123,489,19.0
25,59,46,3,130,10.756884916094842,144,456,19.166666666666668
24,63,89,3,233,21.738051810741695,66,497,33.375
10,21,65,1,261,45.09713043445632,45,155,29.545454545454547
32,57,84,1,153,23.87647885734949,33,138,46.3448275862069
26,33,21,1,140,56.353677000579566,10,472,16.058823529411764
34,69,35,2,214,42.005115271233976,70,468,17.0
18,50,29,2,107,49.039993817830535,60,358,10.235294117647058
30,56,29,2,169,7.381833257486841,24,193,15.263157894736842
19,43,59,3,287,12.03527729134179,21,121,25.477272727272727
37,50,49,2,287,25.08669951616277,56,433,35.549019607843135
7,42,71,3,205,9.737442558222021,39,445,11.55813953488372
28,41,60,3,288,32.80713002669389,135,268,40.0
18,26,76,3,115,30.118796234280918,51,126,50.666666666666664
36,74,23,3,159,4.1534270404664,78,336,11.04
9,68,45,1,241,61.55083429432085,20,325,5.869565217391305
22,73,85,1,293,78.81137852873456,13,380,25.27027027027027
30,73,80,2,262,37.82542905541889,82,336,32.432432432432435
19,51,48,1,174,33.359879636099535,30,279,17.53846153846154
10,84,47,1,177,12.976857927950773,6,418,5.529411764705882
25,87,44,1,237,11.630455119382617,12,330,12.5
38,31,51,3,210,29.85934156361579,15,175,60.5625
37,32,33,1,271,17.972573475223918,17,262,37.0
34,32,36,1,130,92.10482623345675,14,264,37.09090909090909
7,63,89,2,246,25.758503183566898,18,118,9.734375
14,75,64,2,68,20.17886707747136,86,191,11.789473684210526
15,87,78,3,148,20.150200009829828,21,361,13.295454545454545
25,29,76,1,114,69.21943149067303,33,278,63.333333333333336
38,80,88,1,195,33.866403743767044,36,234,41.28395061728395
28,42,55,2,150,20.73668062667407,30,153,35.81395348837209
38,44,75,3,185,26.771841997888426,42,138,63.333333333333336
21,85,44,1,255,36.84855812054196,31,194,10.744186046511627
12,40,44,3,91,5.901404280414141,114,312,12.878048780487806
14,77,44,2,107,47.07219236598881,14,363,7.897435897435898
30,62,36,1,235,56.581371142976835,5,255,17.142857142857142
8,84,68,1,191,27.772991570878556,38,134,6.4
21,39,67,3,78,15.77787946490327,120,484,35.175
7,30,36,1,251,31.701831609463152,7,154,8.129032258064516
19,79,58,2,127,37.96156464041384,88,199,13.775
10,61,31,2,270,12.993938323769125,46,437,5.0
13,21,86,3,103,31.92225647850479,135,491,50.81818181818182
8,28,82,1,278,17.981948803840673,5,216,22.620689655172413
25,74,48,1,147,85.64900116093114,46,424,16.0
7,71,51,3,233,30.592373830037143,126,233,4.958333333333333
17,80,66,3,232,13.222276766352836,66,400,13.851851851851851
9,41,43,2,136,42.00429417747992,100,488,9.214285714285714
11,71,79,1,151,54.66354582207885,36,431,12.069444444444445
10,74,88,3,136,30.56979999327605,45,466,11.733333333333333
33,86,65,3,205,21.216394480670825,18,435,24.655172413793103
19,74,62,2,276,5.1331002893959345,18,198,15.706666666666667
9,76,30,3,108,16.980666271599556,135,468,3.5064935064935066
24,43,28,3,184,7.799974860848548,84,417,15.272727272727273
18,41,21,3,121,30.161141381207774,48,179,9.0
23,74,22,2,142,43.559568411398864,34,164,6.746666666666667
18,31,59,1,186,54.95688595635502,15,131,33.1875
29,40,21,2,105,46.68468990023392,90,432,14.853658536585366
11,81,64,3,66,22.01831911713259,117,226,8.585365853658537
30,39,34,2,139,23.921171327513246,86,461,25.5
23,37,79,1,109,98.45981536864585,34,436,47.81578947368421
39,52,78,3,101,6.823314429351399,99,340,57.39622641509434
22,59,71,3,67,9.135413312458171,132,101,26.033333333333335
18,63,37,1,130,97.12849587219785,50,210,10.40625
20,56,70,2,248,32.84052818670403,26,160,24.56140350877193
28,24,44,2,286,12.789118207325187,34,423,49.28
17,85,48,2,181,26.053226125868353,36,487,9.488372093023257
17,71,49,2,198,41.259150453708834,58,410,11.569444444444445
28,21,21,1,148,44.67459703127892,49,209,26.727272727272727
29,89,23,2,75,22.756679310219692,38,313,7.411111111111111
39,85,46,1,195,60.96195593497741,40,317,20.86046511627907
34,49,73,3,218,4.067175059237982,21,428,49.64
39,77,45,2,106,38.08383902038421,66,256,22.5
31,48,23,3,230,14.615812083880682,78,221,14.551020408163266
20,23,35,2,257,7.532935428002244,16,256,29.166666666666668
12,40,32,3,213,13.14815409321696,144,242,9.365853658536585
24,74,42,1,190,46.35231098383493,18,346,13.44
29,88,61,2,170,5.5183053840408665,64,265,19.876404494382022
8,32,69,1,169,18.348267510105522,47,277,16.727272727272727
24,83,53,3,149,30.238576080660835,138,274,15.142857142857142
21,89,75,2,176,47.968683705300435,86,387,17.5
6,39,20,2,121,12.891762218839682,72,309,3.0
15,77,50,1,193,91.73411224765421,30,496,9.615384615384615
17,32,66,2,176,5.185773676667335,80,276,34.0
27,81,86,1,221,59.63071135461381,6,138,28.317073170731707
38,59,37,3,247,7.086159587563228,132,456,23.433333333333334
23,37,31,1,202,99.26828991638321,47,365,18.763157894736842
33,55,68,1,294,81.14426713828657,50,302,40.07142857142857
10,87,22,3,244,9.81982352951284,111,338,2.5
18,49,21,3,144,7.667491856393707,48,378,7.56
25,80,85,3,66,12.247097318105958,93,141,26.234567901234566
7,59,71,2,184,38.27611702518046,98,247,8.283333333333333
16,44,61,2,190,37.23407855706544,10,393,21.68888888888889
10,82,21,1,112,79.1627056509426,16,170,2.5301204819277108
19,69,43,1,132,13.136852628021368,26,125,11.67142857142857
11,22,55,1,135,69.58134876395064,27,127,26.304347826086957
35,78,88,2,286,6.01623975643774,100,396,38.9873417721519
38,80,71,2,126,27.142550663059367,72,447,33.30864197530864
32,74,46,2,253,14.98412812750628,68,224,19.626666666666665
38,79,41,2,221,26.06687099040999,100,122,19.475
11,79,35,2,178,12.888287473882063,60,242,4.8125
24,60,80,2,75,47.1020233250462,14,121,31.475409836065573
23,80,71,3,191,14.393881527516738,102,455,20.160493827160494
6,65,22,1,194,72.65961374827828,27,329,2.0
25,40,51,1,72,41.85251579687721,28,445,31.097560975609756
13,68,66,3,105,16.97353460002824,144,212,12.434782608695652
12,36,82,2,276,11.489456461608127,78,232,26.594594594594593
25,75,24,1,74,48.18706035286396,7,429,7.894736842105263
8,48,32,2,86,30.950916163328866,80,237,5.224489795918367
10,61,25,1,220,47.87743907354302,7,443,4.032258064516129
30,30,72,1,235,46.69491803801587,24,454,69.6774193548387
16,44,39,3,84,4.510989584710567,39,129,13.866666666666667
34,79,20,3,299,26.77055636947564,39,410,8.5
5,76,27,1,143,74.84753147540589,17,225,1.7532467532467533
39,82,55,3,247,31.0485363317688,126,100,25.843373493975903
34,78,72,1,149,55.07535239131753,48,439,30.9873417721519
21,83,84,1,283,87.14832779945752,17,253,21.0
12,67,50,1,154,60.751628733155734,18,290,8.823529411764707
14,45,60,2,94,21.04612397083183,62,260,18.26086956521739
29,56,34,3,210,29.926263981047125,90,296,17.29824561403509
7,47,55,2,163,16.69615059583061,14,229,8.020833333333334
34,74,47,3,117,17.385554751753446,81,383,21.30666666666667
11,74,64,2,83,14.656990408934384,70,109,9.386666666666667
32,43,61,2,108,16.966122007143504,54,117,44.36363636363637
10,64,51,3,68,23.873477253019388,66,119,7.846153846153846
24,43,33,2,212,46.13449940328442,86,182,18.0
38,47,51,2,173,6.179300839754048,30,460,40.375
25,77,36,3,181,22.18661001700205,93,391,11.538461538461538
19,29,42,2,240,22.178897109826625,36,102,26.6
38,62,77,1,210,78.17171383738976,17,279,46.44444444444444
22,23,73,1,92,71.6867500645192,17,232,66.91666666666667
21,59,69,2,80,21.677529681099674,32,315,24.15
13,38,38,1,262,97.72237075950032,15,307,12.666666666666666
14,81,72,1,119,62.96215927659042,34,495,12.292682926829269
15,23,83,2,281,23.846101874170763,14,486,51.875
39,64,66,2,138,10.33374193489689,78,362,39.6
10,56,83,3,242,6.850061854534565,120,349,14.56140350877193
11,56,53,2,219,20.720671203278513,68,355,10.228070175438596
29,44,81,3,263,13.6660732422505,150,101,52.2
30,22,84,2,223,18.09341926392655,24,265,109.56521739130434
39,73,32,3,193,17.87874290403585,66,239,16.864864864864863
5,47,62,2,110,6.542313492371488,42,445,6.458333333333333
27,29,36,2,165,24.7181763680417,54,417,32.4
28,61,21,2,86,26.22646302377948,56,408,9.483870967741936
20,70,59,2,121,28.031274762640333,40,343,16.619718309859156
37,35,71,2,288,6.718913174922642,60,412,72.97222222222223
18,74,37,3,275,30.683612075660744,75,245,8.88
7,78,39,2,119,5.419188009734773,18,202,3.4556962025316458
22,86,71,2,209,14.191401673605307,48,247,17.95402298850575
17,40,44,2,93,20.36427044299461,62,425,18.24390243902439
22,45,75,3,140,12.382846561733274,108,309,35.869565217391305
13,73,75,1,87,32.118279343329284,48,110,13.175675675675675
36,54,73,3,290,4.030060047417103,15,442,47.78181818181818
8,77,71,2,229,49.14676973493675,16,474,7.282051282051282
9,42,76,1,76,16.627994270205146,19,458,15.906976744186046
11,28,47,3,107,15.68947798733099,126,458,17.82758620689655
22,59,32,2,84,43.399206932261734,28,418,11.733333333333333
28,27,47,2,122,45.52680798495702,56,340,47.0
23,79,75,3,277,3.477643223989217,21,356,21.5625
5,88,27,2,276,49.61047333451195,16,202,1.5168539325842696
31,69,50,1,278,29.452034346145993,37,197,22.142857142857142
26,46,67,2,90,38.895654132208165,70,225,37.06382978723404
11,27,27,3,109,31.316360057444257,150,399,10.607142857142858
20,87,83,1,79,50.638220055260845,9,320,18.863636363636363
20,71,70,3,107,10.578143009275664,57,133,19.444444444444443
23,38,28,1,134,20.792351135714572,9,458,16.512820512820515
32,47,58,2,174,36.32229256677647,32,119,38.666666666666664
7,34,59,2,299,19.16196556138797,92,495,11.8
21,36,22,2,177,33.77243031941708,14,191,12.486486486486486
32,68,38,3,72,27.46416789811289,117,163,17.6231884057971
6,41,69,3,181,33.09989051480624,36,101,9.857142857142858
15,26,26,2,243,22.813209654988466,60,422,14.444444444444445
37,68,57,1,171,88.64538972619681,32,434,30.565217391304348
19,42,42,1,251,91.18144084704367,29,176,18.558139534883722
35,55,55,3,246,8.135902335179575,66,101,34.375
27,60,50,2,84,44.10965015827928,70,273,22.131147540983605
6,29,79,3,295,11.097738490158491,63,296,15.8
18,83,56,1,90,16.723117948481523,23,139,12.0
10,51,49,3,280,27.187590161266858,75,326,9.423076923076923
22,46,78,2,200,48.54566008531687,14,395,36.51063829787234
11,27,75,3,142,10.003795661101295,30,305,29.464285714285715
22,34,66,2,219,5.105928199376239,28,471,41.48571428571429
15,67,68,3,118,12.373782455579478,144,486,15.0
35,64,43,3,287,9.953126245535424,30,231,23.153846153846153
11,85,43,2,126,24.756626741263062,52,317,5.5
36,56,51,2,187,21.303396723112545,78,330,32.21052631578947
39,40,70,3,260,32.5186507089436,111,494,66.58536585365853
10,56,85,1,125,25.283005075612785,29,293,14.912280701754385
37,44,53,2,153,11.375459390931688,52,163,43.577777777777776
24,72,85,2,281,31.583171828605664,66,431,27.945205479452056
19,24,29,3,282,11.986245851645203,30,357,22.04
8,80,42,2,215,43.97367406708507,96,341,4.148148148148148
20,58,58,1,77,29.727714981388512,37,444,19.661016949152543
27,83,76,3,80,31.546538472093047,42,482,24.428571428571427
5,52,28,2,246,34.19031957711364,24,447,2.641509433962264
39,29,60,2,293,44.832071396643094,22,385,78.0
32,23,75,3,213,33.10715207018807,117,259,100.0
12,34,22,2,246,9.742955501052535,18,255,7.542857142857143
35,21,26,2,82,26.023259423142346,36,204,41.36363636363637
27,65,82,1,267,52.21691032095076,50,226,33.54545454545455
12,46,62,3,250,4.843417144751176,27,229,15.829787234042554
9,26,31,1,182,43.792101758958985,13,271,10.333333333333334
35,62,41,3,182,4.3643797926130965,96,257,22.77777777777778
21,83,85,2,107,42.9552675976819,80,234,21.25
13,26,60,3,148,11.174712288137911,126,371,28.88888888888889
31,46,40,2,213,27.648136548785004,54,198,26.382978723404257
37,70,41,1,258,50.416675468864774,50,174,21.366197183098592
18,57,52,2,262,9.92497529191608,80,390,16.137931034482758
29,23,84,3,234,25.53199900063947,120,201,101.5
38,22,74,1,74,68.35962926277435,6,143,122.26086956521739
14,51,81,3,90,19.04744403663322,57,158,21.807692307692307
30,77,82,3,84,27.30769199978565,72,157,31.53846153846154
34,20,41,3,195,30.928211402100008,21,457,66.38095238095238
20,39,67,3,129,14.799480424219235,141,441,33.5
32,74,40,3,197,23.68720412517473,21,384,17.066666666666666
27,81,43,1,87,64.78040387870622,13,419,14.158536585365853
33,67,88,3,240,12.199840219127367,75,431,42.705882352941174
13,64,54,2,82,9.525629519361372,18,347,10.8
10,24,22,3,199,31.02367469212138,21,329,8.8
34,42,22,1,294,52.16849048713289,28,312,17.3953488372093
34,36,70,3,188,20.32644799413632,69,273,64.32432432432432
29,43,76,1,205,90.11040765125497,36,175,50.09090909090909
32,39,48,3,138,26.55824745740151,63,242,38.4
17,44,38,2,216,33.51739858643306,28,454,14.355555555555556
27,35,52,2,156,46.616998817782324,86,106,39.0
28,66,29,2,107,46.7753165854465,14,401,12.119402985074627
13,62,81,3,117,13.347196330130549,90,437,16.714285714285715
25,45,40,2,125,9.37810371042356,68,299,21.73913043478261
25,64,55,1,157,13.543516146104576,48,345,21.153846153846153
10,31,41,1,253,17.133540791288418,43,184,12.8125
39,57,20,1,274,83.9458118910852,30,381,13.448275862068966
36,75,55,3,117,18.48905595394049,150,403,26.05263157894737
28,55,85,2,65,18.694773155923567,98,160,42.5
28,38,87,3,220,8.851760117020119,75,185,62.46153846153846
28,89,61,1,141,59.24777491407842,13,185,18.977777777777778
7,80,67,3,184,10.6777658063246,21,112,5.790123456790123
23,67,26,1,173,17.9224993069704,13,189,8.794117647058824
20,60,51,3,261,31.47276009548683,93,181,16.721311475409838
9,44,47,2,265,8.839632010303268,34,321,9.4
37,78,24,2,137,38.937832181814315,100,369,11.240506329113924
32,46,30,1,256,69.02245757481798,9,395,20.425531914893618
36,52,66,1,72,48.00705673074896,29,220,44.83018867924528
25,65,88,3,113,17.180593726231326,66,301,33.333333333333336
10,50,29,2,230,16.814933269471943,30,151,5.686274509803922
5,72,25,2,81,39.121775336570806,84,429,1.7123287671232876
25,59,33,1,92,75.16947301409003,40,469,13.75
19,38,50,1,144,82.13882586762803,49,500,24.358974358974358
20,56,25,1,192,44.90265187424922,44,191,8.771929824561404
16,53,55,1,124,86.00567799232189,18,255,16.296296296296298
36,65,52,2,97,47.919262422015414,84,105,28.363636363636363
27,54,32,3,258,11.975623150024385,63,394,15.709090909090909
8,66,28,2,253,33.57603200820019,60,143,3.343283582089552
20,56,42,1,234,34.93142630290271,7,363,14.736842105263158
28,45,22,2,100,16.768482942944864,30,172,13.391304347826088
39,30,24,2,67,40.67966134677491,32,349,30.193548387096776
29,28,64,1,232,20.114691669503685,6,441,64.0
6,81,63,2,170,45.93096763953891,40,462,4.609756097560975
33,74,56,2,79,41.200890789966095,66,354,24.64
22,76,62,2,279,21.934826192198983,96,491,17.714285714285715
31,71,45,2,196,40.686264311675295,84,137,19.375
28,79,54,2,229,13.65847421779177,56,405,18.9
33,45,35,1,80,46.249393170662245,37,479,25.108695652173914
10,52,67,3,196,25.99599313699991,45,457,12.641509433962264
24,55,52,2,114,31.251208697347213,18,214,22.285714285714285
21,72,26,2,100,12.252766873535677,50,308,7.47945205479452
21,37,71,2,183,17.621456061214694,26,485,39.23684210526316
32,28,84,3,203,3.57277010081367,21,308,92.6896551724138
30,81,86,2,129,5.91378657232429,72,135,31.463414634146343
31,87,50,1,238,66.17322250233546,30,205,17.613636363636363
27,45,83,1,107,24.49715719649211,28,106,48.71739130434783
19,20,39,3,264,9.488549033717499,18,284,35.285714285714285
23,86,66,3,172,11.519274239003778,33,197,17.448275862068964
21,58,28,3,99,30.963686229157393,129,474,9.966101694915254
20,76,38,1,251,70.83717561644687,27,468,9.87012987012987
33,55,87,1,120,15.591582374472694,10,267,51.267857142857146
14,76,79,1,274,21.023202097763175,23,205,14.363636363636363
27,69,43,2,165,29.035437493135934,84,220,16.585714285714285
11,85,68,1,252,91.34487267944738,15,290,8.69767441860465
16,66,49,1,262,56.01799075168268,33,266,11.701492537313433
27,41,71,3,255,33.20852662987341,66,339,45.642857142857146
19,54,28,2,150,25.20409444862753,92,200,9.672727272727272
9,58,82,3,148,24.434630317439275,21,475,12.508474576271187
5,68,76,3,289,14.722577079855794,81,273,5.507246376811594
12,38,70,2,247,40.896959452941154,84,314,21.53846153846154
38,69,61,2,279,44.00824862105303,88,488,33.114285714285714
7,58,76,3,257,24.832617457795717,45,339,9.016949152542374
9,34,23,2,187,26.208960721226795,10,489,5.914285714285715
18,71,38,2,289,30.882304206946827,88,487,9.5
10,77,84,3,91,4.577731445784868,27,145,10.76923076923077
8,42,32,3,167,24.58531679150737,99,160,5.953488372093023
27,86,85,2,75,47.05147388462197,14,446,26.379310344827587
19,38,35,1,239,63.95256838484106,34,234,17.05128205128205
11,57,45,2,276,40.874501234085976,88,151,8.53448275862069
30,47,72,1,74,70.49150573000799,20,315,45.0
28,64,48,3,283,29.190813592012564,117,183,20.676923076923078
34,71,77,2,290,18.710173849462038,68,309,36.361111111111114
38,39,43,3,103,13.711078704115186,75,128,40.85
8,54,42,2,117,37.47299349970994,16,293,6.109090909090909
37,47,43,3,225,23.268811820912216,150,185,33.145833333333336
33,30,48,3,121,28.90111565258407,24,359,51.096774193548384
38,50,88,3,84,30.108102760880765,21,377,65.56862745098039
39,86,71,1,158,97.8704187743299,21,491,31.82758620689655
18,53,44,3,208,11.63602348870905,78,225,14.666666666666666
23,24,76,1,88,45.942865669815205,42,369,69.92
15,64,75,1,116,65.7668019709948,20,275,17.307692307692307
28,82,76,2,148,26.34493634125364,36,233,25.63855421686747
14,23,25,2,119,9.382790725005384,56,324,14.583333333333334
6,74,81,3,164,30.428281138378278,24,477,6.48
38,73,40,3,241,23.434695894707858,99,274,20.54054054054054
15,23,56,2,259,35.594971580094125,52,122,35.0
31,60,65,3,104,27.476464891894434,75,142,33.032786885245905
10,48,48,1,118,92.16067126236089,46,400,9.795918367346939
21,87,37,3,226,30.511821766870543,75,485,8.829545454545455
17,79,37,3,249,11.145274831747935,27,475,7.8625
18,46,30,1,195,99.44665752920758,16,200,11.48936170212766
30,43,29,2,239,46.93158139441718,74,357,19.772727272727273
20,41,64,2,233,22.290736188949424,76,448,30.476190476190474
13,26,35,1,283,24.140416228077942,31,279,16.85185185185185
37,78,58,1,104,85.19646597835315,14,216,27.164556962025316
10,27,69,2,187,16.281293133516442,46,331,24.642857142857142
20,27,31,1,91,68.78900223254217,10,351,22.142857142857142
26,64,37,1,253,18.91181771694543,43,324,14.8
31,35,49,1,70,89.39816808739602,26,337,42.19444444444444
10,34,31,3,167,15.959004953568455,108,138,8.857142857142858
28,81,51,1,299,12.41874274909911,38,233,17.414634146341463
37,29,23,1,61,63.67193356267703,42,499,28.366666666666667
25,67,50,1,108,66.47046748500242,36,334,18.38235294117647
18,89,59,3,95,24.10081087730735,81,217,11.8
35,60,56,3,144,28.138230195712236,15,128,32.131147540983605
19,49,79,1,147,70.99023530579585,17,143,30.02
14,73,32,1,215,38.98961389198148,31,371,6.054054054054054
28,50,52,1,158,33.9382326824442,16,353,28.54901960784314
15,54,83,2,295,7.754133504953664,96,473,22.636363636363637
29,35,30,3,195,17.916575835838145,141,291,24.166666666666668
13,61,79,1,126,29.89318026994513,45,106,16.56451612903226
22,45,74,3,178,17.41387503156673,144,365,35.391304347826086
33,54,20,2,122,26.93093620553395,22,182,12.0
26,27,69,1,80,44.18098436468284,38,102,64.07142857142857
32,26,77,2,75,25.93334497795865,74,166,91.25925925925925
10,31,82,3,234,10.656534006641346,102,122,25.625
11,66,84,1,172,57.94836032556996,10,452,13.791044776119403
36,87,60,2,206,5.368186898228981,78,406,24.545454545454547
35,72,28,3,157,16.107657735202704,36,469,13.424657534246576
10,62,78,1,183,98.96073935480784,31,126,12.380952380952381
20,38,22,1,99,37.11191630528817,17,192,11.282051282051283
11,34,56,3,213,21.8033473579209,21,218,17.6
8,29,32,3,166,14.395892449190624,105,477,8.533333333333333
26,87,52,1,291,32.73248876304037,26,180,15.363636363636363
14,64,44,3,83,23.52039787092946,120,418,9.476923076923077
23,54,84,2,282,48.4464104902552,92,264,35.127272727272725
25,25,42,2,180,26.130844054746284,56,285,40.38461538461539
20,20,67,3,162,6.196390651422083,48,291,63.80952380952381
25,50,56,3,133,33.29769430204633,117,175,27.45098039215686
8,35,59,2,94,14.947183936550093,22,485,13.11111111111111
6,81,30,2,236,45.0596913469967,74,374,2.1951219512195124
27,28,87,2,276,31.77226676315824,14,492,81.0
34,63,21,3,195,29.164127352790484,21,175,11.15625
18,61,51,2,233,26.297945622395215,22,470,14.806451612903226
28,45,69,1,209,60.23165191957363,11,220,42.0
13,34,21,3,280,26.854730513805745,99,200,7.8
12,39,60,2,117,23.77806932785119,36,118,18.0
34,54,40,3,165,27.034902505989834,36,243,24.727272727272727
39,35,72,1,250,89.77847119513444,40,444,78.0
30,62,37,2,217,39.90934924751442,100,167,17.61904761904762
31,36,82,2,97,36.9070599181005,24,340,68.70270270270271
30,40,57,1,197,46.94675504630069,6,406,41.707317073170735
27,25,45,2,135,17.970424723559525,50,500,46.73076923076923
27,44,46,2,254,8.973445584881926,86,449,27.6
36,86,64,3,200,25.33234983233658,51,216,26.482758620689655
18,49,21,1,73,37.769705438080905,33,292,7.56
21,77,86,1,223,12.939272264864643,12,497,23.153846153846153
18,22,77,2,292,49.95958518515844,78,296,60.26086956521739
18,33,51,2,137,10.023480386479374,94,421,27.0
17,70,35,3,179,24.736492660153328,96,240,8.380281690140846
36,85,28,2,113,22.414576959871827,40,225,11.720930232558139
22,23,48,1,148,96.92565743153155,26,367,44.0
37,26,57,3,180,27.511087519843134,66,246,78.11111111111111
9,22,33,2,225,21.998815957981535,90,368,12.91304347826087
10,41,66,2,169,5.811251738642963,38,149,15.714285714285714
6,40,77,3,250,8.783740613292341,69,407,11.268292682926829
29,61,68,1,142,49.32721972102069,38,492,31.806451612903224
22,85,85,1,285,10.574707623341386,28,465,21.74418604651163
35,80,88,1,91,87.42914316385982,32,384,38.02469135802469
11,79,30,1,176,26.822740635908115,17,262,4.125
28,20,25,1,294,94.0683225177909,10,476,33.333333333333336
7,54,49,2,174,26.07707781814129,32,319,6.236363636363636
32,66,36,2,280,48.94205857178162,94,291,17.19402985074627
10,30,66,1,61,41.668366873535916,48,134,21.29032258064516
29,61,39,2,289,10.319136523170602,80,144,18.241935483870968
12,44,43,3,115,12.733695435040337,84,480,11.466666666666667
38,52,83,2,61,13.234930078418198,32,288,59.509433962264154
11,63,76,2,288,21.03314595238837,48,477,13.0625
7,46,68,1,155,71.06333663645906,23,280,10.127659574468085
23,31,68,2,190,48.67396716852511,94,179,48.875
39,59,78,1,61,31.890467995896625,10,169,50.7
6,29,20,3,181,14.411071669553538,69,278,4.0
18,45,67,2,140,5.040473084423837,16,298,26.217391304347824
13,57,86,2,297,6.557629028464664,48,322,19.275862068965516
30,59,50,2,286,14.572633411178296,22,333,25.0
16,70,21,2,271,44.07991966178157,16,211,4.732394366197183
14,29,47,3,194,8.71918835033476,126,137,21.933333333333334
34,32,69,2,150,47.49427797518277,72,124,71.0909090909091
20,51,79,1,103,45.168287663142884,45,342,30.384615384615383
30,33,52,2,83,10.831277792988523,38,211,45.88235294117647
14,70,60,2,92,17.81644678686616,60,417,11.830985915492958
19,69,60,3,266,28.57107276771923,21,228,16.285714285714285
22,89,53,1,244,83.22533604167218,29,260,12.955555555555556
35,30,69,2,158,44.08086387167504,60,339,77.90322580645162
34,79,61,2,196,38.7312247403364,90,395,25.925
31,72,57,2,206,49.20783150727984,86,296,24.205479452054796
31,63,64,1,219,43.958258169955876,26,400,31.0
27,75,41,1,172,89.55462572732128,21,447,14.56578947368421
25,34,85,1,103,45.26094275705379,36,481,60.714285714285715
21,21,27,2,94,37.67905666022704,54,110,25.772727272727273
31,70,56,2,174,38.63531682784119,44,248,24.450704225352112
16,55,37,2,232,36.27288580652327,100,294,10.571428571428571
20,73,89,1,107,36.08959543650787,36,154,24.054054054054053
34,25,60,2,181,13.404790526398951,20,324,78.46153846153847
10,62,24,1,228,91.19775070106368,15,150,3.8095238095238093
19,68,28,1,228,51.94748713280201,10,104,7.7101449275362315
34,42,37,1,120,28.30207042079729,41,382,29.25581395348837
12,66,60,1,267,88.87537358728073,5,412,10.746268656716419
23,64,74,1,130,96.20135307787731,40,123,26.184615384615384
17,64,59,2,243,14.376314250723926,18,167,15.430769230769231
38,89,33,1,122,30.69989060358973,22,379,13.933333333333334
34,68,31,2,126,37.41489207845202,96,496,15.27536231884058
29,66,74,1,166,94.49201724936411,14,483,32.02985074626866
11,30,70,2,256,23.31323313805519,30,242,24.838709677419356
35,52,25,1,93,46.95401407363512,47,340,16.50943396226415
29,35,41,1,281,54.958689946316355,21,465,33.02777777777778
31,51,56,1,208,60.03063298977012,44,157,33.38461538461539
16,67,62,1,81,87.09466742614173,13,172,14.588235294117647
20,62,42,2,116,44.67697797812124,44,377,13.333333333333334
10,86,69,3,236,14.968946581641049,141,455,7.931034482758621
5,48,39,3,263,23.61881456348085,84,402,3.979591836734694
34,47,64,2,84,18.61846546743203,72,200,45.333333333333336
10,76,47,2,226,22.191885496645007,70,344,6.103896103896104
14,62,49,3,268,4.545817808201856,99,487,10.88888888888889
20,28,77,1,104,85.2560974433846,9,316,53.10344827586207
11,33,59,1,132,77.87929274776506,29,261,19.08823529411765
30,64,25,1,197,85.29448343520491,44,336,11.538461538461538
23,82,27,2,78,7.0963409648713744,96,269,7.481927710843373
36,68,23,2,119,26.717229907310077,58,153,12.0
23,65,69,1,230,24.272109205509448,25,386,24.045454545454547
10,57,89,2,253,22.737925493877032,68,153,15.344827586206897
33,28,73,2,192,21.21375204051791,66,216,83.06896551724138
39,69,72,3,222,15.416551339095065,54,147,40.114285714285714
18,68,84,3,66,29.380380418283064,141,262,21.91304347826087
10,20,27,3,177,24.627746353377194,84,315,12.857142857142858
37,22,23,2,298,6.642099322918531,32,157,37.0
22,87,71,1,229,90.37295098023895,12,177,17.75
17,33,61,2,299,17.489488288453217,90,346,30.5
7,69,25,3,170,3.483243744983025,15,143,2.5
18,61,47,1,79,97.48845099354104,31,113,13.64516129032258
39,62,51,1,206,76.10732861092237,24,236,31.571428571428573
15,56,72,2,96,15.913489227868931,60,428,18.94736842105263
29,56,23,3,68,28.648232418472436,60,175,11.701754385964913
23,80,30,1,205,58.57090779262152,10,385,8.518518518518519
22,49,28,1,223,42.37424988821329,29,483,12.32
14,63,38,1,284,85.36498595467485,30,280,8.3125
36,32,33,1,190,97.55470387196294,38,451,36.0
36,47,42,3,278,19.494114131714138,36,474,31.5
17,40,44,2,242,33.87729105518994,60,461,18.24390243902439
34,36,39,2,159,21.275928471442334,44,253,35.83783783783784
30,28,88,3,123,25.99044575031266,108,413,91.03448275862068
20,82,68,2,250,25.814551172533793,44,440,16.3855421686747
13,62,79,1,293,53.37633689026819,27,230,16.3015873015873
19,51,86,1,92,37.81669203864756,7,368,31.423076923076923
16,68,43,2,93,32.70499258313266,46,202,9.971014492753623
29,60,67,2,187,45.4213577941692,10,369,31.852459016393443
23,42,56,1,98,79.53311607827268,29,297,29.953488372093023
37,72,86,1,182,81.57088136099875,43,366,43.58904109589041
8,43,53,2,98,28.57161809899372,84,191,9.636363636363637
33,27,26,3,122,21.973173377320123,141,388,30.642857142857142
23,66,29,3,157,7.728896671437624,51,310,9.955223880597014
15,26,20,3,71,23.66335229845143,93,136,11.11111111111111
9,68,45,1,237,65.82816084775078,7,384,5.869565217391305
10,84,85,1,194,63.177913628125076,41,273,10.0
19,81,43,2,248,5.160395176614785,74,210,9.963414634146341
6,38,33,2,83,33.01547799544211,88,471,5.076923076923077
10,76,24,2,194,31.208453399731734,34,253,3.116883116883117
29,61,33,1,289,41.856323524849074,32,148,15.435483870967742
22,45,37,3,156,30.38419591446619,15,217,17.695652173913043
30,88,51,2,194,28.184745384247403,96,224,17.191011235955056
5,57,65,3,218,11.019120575966909,129,325,5.603448275862069
29,29,28,2,113,36.06394724408493,56,162,27.066666666666666
7,33,52,3,228,28.25970117312121,114,443,10.705882352941176
12,29,41,2,121,23.362616869805372,74,475,16.4
30,24,33,2,181,10.847859282466777,82,488,39.6
12,44,79,1,115,66.36599510127581,22,488,21.066666666666666
5,57,20,1,270,93.20272913343717,44,281,1.7241379310344827
29,79,64,2,249,15.096962011348001,58,155,23.2
33,76,67,2,91,42.2822354879752,68,416,28.714285714285715
24,51,28,1,169,71.08374541265609,33,462,12.923076923076923
15,24,72,1,295,63.03963198813644,29,382,43.2
27,59,44,2,252,47.54245693042225,60,269,19.8
23,84,23,1,265,91.43926171555565,42,376,6.223529411764706
27,34,73,3,91,11.257509206768434,105,333,56.31428571428572
35,83,55,3,203,3.3817890921434333,144,379,22.916666666666668
34,49,73,3,201,18.794527087884344,93,337,49.64
17,47,62,1,196,54.526204115091744,34,186,21.958333333333332
11,74,83,2,132,40.84917633371786,94,331,12.173333333333334
39,52,55,1,296,36.84541137939249,11,121,40.471698113207545
5,63,87,2,118,30.51165744186184,76,387,6.796875
27,71,29,3,101,29.789768515883992,87,266,10.875
29,52,32,2,191,39.47177645939469,28,151,17.50943396226415
18,48,76,3,76,25.749786804042458,15,208,27.918367346938776
14,55,80,1,259,41.85798447141754,15,238,20.0
21,84,70,3,214,3.5138907072759973,138,273,17.294117647058822
36,71,21,2,274,14.648587471584266,70,407,10.5
11,72,83,1,187,76.14219902318017,20,217,12.506849315068493
18,58,27,2,103,32.49372392386063,64,452,8.23728813559322
13,61,42,3,267,10.940368222710243,99,410,8.806451612903226
22,79,83,2,167,42.29012940477295,76,341,22.825
16,84,35,1,139,44.103618230942054,6,450,6.588235294117647
18,29,35,2,65,6.442071904547561,96,444,21.0
22,37,60,2,113,5.281351558932638,18,346,34.73684210526316
20,79,21,1,219,38.65991345779021,32,137,5.25
38,87,72,3,285,6.754097916348477,69,228,31.09090909090909
6,89,77,3,128,10.028641571737344,69,236,5.133333333333334
18,49,24,3,122,5.543347877923836,123,400,8.64
15,22,84,1,146,86.21863487323189,21,150,54.78260869565217
17,63,48,1,245,95.59434935144273,34,112,12.75
14,62,20,2,199,9.781122111915495,42,238,4.444444444444445
38,45,42,1,67,13.57433720688209,20,131,34.69565217391305
12,23,63,3,164,26.39045702623625,108,277,31.5
9,43,41,1,125,73.77188101043396,29,200,8.386363636363637
13,74,23,1,171,49.378205997906555,16,496,3.986666666666667
30,63,33,3,144,8.989133781009798,108,112,15.46875
18,33,20,2,97,46.800409440871434,70,379,10.588235294117647
8,30,61,2,203,33.959864879597475,18,305,15.741935483870968
10,84,37,1,185,80.43847233646392,35,301,4.352941176470588
30,63,62,1,219,13.620797651311376,8,201,29.0625
9,51,68,1,105,78.82456161425017,43,251,11.76923076923077
14,52,70,3,113,13.121975821494003,36,243,18.49056603773585
34,25,39,1,242,80.49241527719566,7,269,51.0
7,60,51,2,227,33.553860518503214,46,124,5.852459016393443
26,42,35,2,286,39.00178951827965,14,138,21.162790697674417
28,86,71,1,209,71.8860788333304,16,112,22.850574712643677
12,67,61,2,231,26.27468221773119,10,452,10.764705882352942
23,52,81,2,87,6.367106654704895,98,213,35.15094339622642
20,30,60,1,172,40.84104276485054,19,406,38.70967741935484
12,50,42,3,248,11.49761015450123,150,334,9.882352941176471
15,36,22,2,208,11.896822228721701,94,256,8.91891891891892
17,76,62,2,160,21.973146570663932,12,399,13.688311688311689
30,26,79,3,184,7.616988693344683,42,124,87.77777777777777
5,45,75,1,264,67.00118128906868,32,254,8.152173913043478
16,84,84,1,152,57.62729566479798,38,115,15.811764705882354
26,39,33,2,90,10.24593891427136,54,414,21.45
36,20,44,2,230,48.67021007365335,48,243,75.42857142857143
38,31,29,3,111,5.152187905321976,150,330,34.4375
36,22,75,1,136,43.47297720613517,17,427,117.3913043478261
17,66,39,1,247,71.64202075907757,8,413,9.895522388059701
25,69,45,3,81,30.624124161187208,150,483,16.071428571428573
33,61,57,1,238,25.54905398464505,24,286,30.338709677419356
25,42,43,1,192,45.958766000254464,35,158,25.0
29,31,27,2,274,48.979626003063885,54,338,24.46875
5,64,29,3,190,4.306620598110649,108,319,2.230769230769231
19,44,65,2,223,7.284941472503922,14,352,27.444444444444443
19,33,83,2,181,29.039290672785313,28,500,46.38235294117647
18,72,59,2,265,14.784065716592481,24,184,14.547945205479452
27,35,26,1,298,14.732980592509136,5,249,19.5
13,82,45,1,150,24.75663554884347,7,327,7.048192771084337
11,58,21,2,63,7.674401701032914,26,381,3.9152542372881354
10,47,63,3,207,21.299142048000302,60,443,13.125
26,72,59,3,193,7.938229844376195,105,354,21.013698630136986
26,35,50,1,199,64.60051571342085,22,241,36.111111111111114
30,59,48,2,196,47.55576100181913,78,411,24.0
32,31,47,2,82,28.0823105053735,88,342,47.0
9,61,36,2,258,33.92293270698595,74,101,5.225806451612903
36,25,88,3,278,22.77475089293641,72,297,121.84615384615384
19,51,87,3,154,24.045804099054028,93,468,31.78846153846154
20,74,69,3,92,25.446325603504704,114,114,18.4
31,62,27,1,291,88.95532696162884,8,327,13.285714285714286
31,50,54,1,147,84.95035209602806,12,260,32.8235294117647
29,76,76,2,280,24.448806203968076,62,401,28.623376623376622
34,69,34,1,116,53.68049885101612,28,132,16.514285714285716
33,29,52,1,147,54.43537682093076,5,258,57.2
35,87,23,2,221,5.559437641072167,84,284,9.147727272727273
29,49,30,1,214,59.13016403451414,50,411,17.4
30,42,38,1,178,32.46655201462393,50,367,26.511627906976745
20,70,67,3,69,6.18608632746565,102,359,18.87323943661972
34,87,81,2,178,9.424579359228996,48,134,31.295454545454547
35,79,56,1,240,26.894988331526353,15,199,24.5
20,67,23,1,188,61.82797749142463,31,371,6.764705882352941
19,63,77,1,168,84.13799460994412,22,173,22.859375
7,24,63,1,239,75.89782247263688,10,386,17.64
21,73,70,3,157,23.57630217965308,102,265,19.864864864864863
24,88,47,3,297,31.67823042758783,150,193,12.674157303370787
25,57,52,3,230,31.856779526209554,45,249,22.413793103448278
30,72,76,3,118,16.77093169876088,33,437,31.232876712328768
30,89,33,3,230,29.424660245254643,51,497,11.0
26,56,31,3,251,26.726897970862513,129,470,14.140350877192983
37,24,53,2,188,24.20926762585935,78,236,78.44
11,56,43,2,211,8.007577090060353,14,385,8.298245614035087
39,69,81,1,288,25.95872899696895,6,374,45.128571428571426
13,82,67,3,291,29.65195148349602,105,173,10.493975903614459
17,71,68,1,275,47.80296380391487,48,295,16.055555555555557
27,67,65,1,296,24.666254318818282,11,294,25.808823529411764
5,30,44,3,153,25.004537118164347,30,293,7.096774193548387
14,86,47,3,278,19.23308606909902,75,467,7.563218390804598
32,86,40,1,243,98.47045825054528,16,388,14.71264367816092
31,87,43,2,97,49.181059021331286,84,122,15.147727272727273
11,80,36,1,221,75.70019876569329,44,329,4.888888888888889
12,43,41,2,273,22.20195081975563,78,469,11.181818181818182
15,88,53,2,299,13.048926270194132,72,481,8.932584269662922
9,21,73,2,113,5.500726825789383,14,156,29.863636363636363
35,84,71,3,291,19.402047233949308,150,210,29.235294117647058
22,78,87,2,275,28.231681287877027,32,287,24.227848101265824
12,81,61,3,175,10.3644878605266,105,452,8.926829268292684
11,53,63,1,86,52.63218192167972,6,122,12.833333333333334
23,81,48,3,169,19.457072560600853,138,425,13.463414634146341
30,49,64,3,261,7.468709593487408,87,211,38.4
6,86,22,2,265,32.96953709310433,70,132,1.5172413793103448
9,45,44,2,157,15.085349520640712,14,293,8.608695652173912
33,61,65,1,230,97.39069514255948,41,489,34.596774193548384
13,24,63,3,250,13.765593610569018,54,331,32.76
15,63,57,3,219,11.661693556671386,147,465,13.359375
15,43,63,2,283,46.328321823363225,88,113,21.477272727272727
14,67,85,2,154,44.559577336378155,50,225,17.5
17,77,79,3,99,14.906889882992687,18,350,17.21794871794872
31,41,36,1,230,41.54831349495175,39,473,26.571428571428573
28,40,43,3,248,24.383581449234537,63,481,29.365853658536587
6,61,30,1,231,30.33796746055305,45,279,2.903225806451613
11,60,60,1,249,21.474510270842387,27,145,10.819672131147541
29,83,46,2,224,39.07377400631606,88,455,15.880952380952381
19,52,87,3,169,26.932786061536216,39,496,31.18867924528302
32,56,42,3,175,18.330201149005784,78,261,23.57894736842105
32,51,58,3,119,9.854684028528782,27,452,35.69230769230769
22,74,64,3,147,3.3888688401556895,117,307,18.773333333333333
22,60,71,3,82,21.642464482790132,84,427,25.60655737704918
13,64,80,2,83,35.59426672954641,18,397,16.0
39,78,26,3,185,33.276104809888295,15,294,12.835443037974683
11,20,38,3,187,26.393499394500832,48,424,19.904761904761905
24,81,74,3,254,13.71556689476725,111,427,21.658536585365855
8,71,43,1,260,45.914526128849346,18,137,4.777777777777778
15,55,34,2,111,11.366086317766113,92,115,9.107142857142858
35,84,25,1,76,22.151525501491598,16,284,10.294117647058824
10,43,64,2,129,41.79418637120483,98,244,14.545454545454545
14,63,76,2,186,10.158479421118741,68,305,16.625
24,71,59,1,67,17.171202209202978,37,221,19.666666666666668
38,23,86,3,88,17.56888077188697,24,253,136.16666666666666
30,70,22,3,234,30.49845809276027,15,335,9.295774647887324
7,84,72,2,71,30.918192371675623,32,421,5.929411764705883
36,72,38,2,61,37.22925154047361,12,168,18.73972602739726
30,21,89,3,203,21.36430422033961,21,432,121.36363636363636
38,85,52,1,160,38.90414436977048,35,326,22.976744186046513
15,29,42,1,220,96.92237760786594,18,284,21.0
38,69,57,2,194,24.64922447530515,70,322,30.942857142857143
36,72,85,1,203,13.020686759056733,20,158,41.917808219178085
15,88,29,3,206,25.27701458382428,138,297,4.887640449438202
18,85,50,3,119,32.22075681640185,120,169,10.465116279069768
27,31,31,1,289,10.342031717574718,11,148,26.15625
34,45,56,1,245,34.83076066071943,5,188,41.391304347826086
10,53,85,2,174,29.857286328973114,54,158,15.74074074074074
7,86,87,2,89,41.98224843141795,64,323,7.0
9,74,88,2,194,46.11582640661042,16,301,10.56
15,57,89,2,107,47.70609321545477,14,264,23.017241379310345
17,74,78,2,253,15.508353906093081,28,313,17.68
26,61,54,1,155,65.05354803413451,9,271,22.64516129032258
8,46,50,2,200,32.418141294974646,74,275,8.51063829787234
30,39,33,2,135,27.570157707673726,40,248,24.75
29,25,31,2,129,35.441482377066535,16,209,34.57692307692308
22,49,26,1,175,63.975448798294174,48,468,11.44
20,68,59,3,272,5.287620835524765,99,124,17.10144927536232
31,73,25,2,141,39.28670112821235,20,300,10.472972972972974
12,30,60,3,61,32.59186250508053,33,224,23.225806451612904
29,64,73,3,166,19.863282822567133,75,133,32.56923076923077
9,26,45,3,242,22.218350202302457,120,212,15.0
29,30,20,3,277,15.841805993224375,63,207,18.70967741935484
5,35,36,1,220,31.033934266073235,50,489,5.0
24,22,48,3,172,30.159898950791348,135,166,50.08695652173913
39,42,64,3,183,26.122764806208263,114,116,58.04651162790697
25,70,67,3,158,15.229518957055836,60,476,23.591549295774648
33,82,70,3,78,13.734092754966769,21,150,27.83132530120482
12,83,46,3,211,31.71704577060065,36,103,6.571428571428571
9,61,58,2,195,43.63468005305598,16,435,8.419354838709678
7,89,82,3,175,23.21365645272532,99,407,6.377777777777778
9,73,88,1,169,19.58602558818541,44,270,10.702702702702704
33,46,27,2,83,10.574495997726881,38,366,18.95744680851064
32,54,28,2,166,6.899622841428099,38,472,16.29090909090909
5,49,85,1,124,85.36138575716197,11,128,8.5
16,87,25,2,272,9.896042278805183,68,373,4.545454545454546
24,84,39,3,137,31.566640458165356,135,343,11.011764705882353
11,76,57,1,276,97.7767637967226,10,410,8.142857142857142
37,23,49,3,127,4.744998196341583,72,199,75.54166666666667
29,84,33,1,155,92.16917879837028,30,395,11.258823529411766
10,68,75,2,175,38.54032158307341,64,353,10.869565217391305
5,66,60,3,177,11.818799186432399,120,342,4.477611940298507
19,67,46,3,215,12.742012341278047,135,386,12.852941176470589
32,58,68,2,293,49.62514655380317,28,307,36.88135593220339
34,49,23,2,73,20.80378102545198,16,237,15.64
29,70,46,1,202,55.67377011156496,35,337,18.788732394366196
23,55,26,2,239,6.818401704791485,92,242,10.678571428571429
31,41,65,2,271,7.104787485707293,80,254,47.976190476190474
7,66,55,3,206,22.330531689920537,129,418,5.746268656716418
27,84,72,2,62,47.07485368495694,74,156,22.870588235294118
38,40,42,3,126,24.071548548284294,63,414,38.926829268292686
25,56,24,2,176,16.291689742967677,26,168,10.526315789473685
20,29,76,3,75,10.69819490918824,30,429,50.666666666666664
20,49,79,3,290,24.223262485073537,120,400,31.6
36,38,87,1,178,85.39475601518421,49,394,80.3076923076923
23,34,33,1,203,86.02308192457673,21,165,21.685714285714287
6,62,42,3,167,29.031967164262515,78,488,4.0
15,55,43,1,192,91.77329338791007,5,359,11.517857142857142
22,51,41,2,144,19.314549216750777,44,323,17.346153846153847
35,80,42,2,241,28.382354072789916,82,420,18.14814814814815
37,82,52,2,257,19.993274554577567,70,337,23.180722891566266
22,80,22,1,145,12.809633076241727,9,211,5.9753086419753085
15,64,82,1,113,19.047796678695143,20,478,18.923076923076923
27,50,26,3,129,25.696842112839274,45,136,13.764705882352942
33,60,36,2,140,26.515291162678576,100,180,19.475409836065573
6,66,20,2,114,49.21729761534293,40,272,1.791044776119403
7,63,69,2,136,38.722903459299886,36,437,7.546875
27,47,80,1,150,75.58329975544575,23,292,45.0
9,64,41,1,208,42.652430163611236,17,259,5.676923076923077
7,44,55,3,219,12.48430416076939,87,488,8.555555555555555
30,87,53,1,64,92.87610606003248,25,125,18.068181818181817
37,68,84,1,105,86.32833129035733,43,235,45.04347826086956
11,52,58,1,138,67.67505204940824,42,358,12.037735849056604
30,23,79,3,249,23.443472381720664,57,217,98.75
31,74,22,2,220,24.533357108234885,42,248,9.093333333333334
20,80,82,2,231,29.778564486009564,50,365,20.246913580246915
39,81,42,3,82,27.098544300435766,105,444,19.975609756097562
29,38,67,3,170,10.057997287416939,30,192,49.82051282051282
27,20,28,3,273,27.698026750065043,135,109,36.0
6,80,79,3,202,32.47440418849104,90,499,5.851851851851852
8,23,73,3,273,7.694698740337657,111,234,24.333333333333332
8,50,38,1,254,67.25004426127447,42,141,5.96078431372549
15,61,79,2,161,18.787905376616237,10,261,19.112903225806452
11,58,50,3,86,22.139147369443588,45,365,9.322033898305085
28,68,73,2,144,10.244997211046895,82,490,29.6231884057971
5,66,70,3,107,15.805288410483861,147,306,5.223880597014926
16,82,45,2,200,11.902264950616065,54,206,8.674698795180722
30,22,55,1,151,46.62599998812761,25,465,71.73913043478261
37,49,34,1,204,78.58947026769016,6,171,25.16
6,46,51,1,240,13.714674996777344,37,159,6.51063829787234
12,40,20,1,81,50.00040944839203,14,235,5.853658536585366
17,31,39,2,106,34.45649621832858,16,143,20.71875
13,87,67,3,136,13.87386534664733,18,252,9.897727272727273
35,65,45,1,92,27.141701349284784,10,360,23.863636363636363
9,53,67,3,136,28.337732987875754,66,301,11.166666666666666
9,81,75,1,227,13.305174657300352,46,348,8.231707317073171
30,51,44,1,263,42.13327354547676,5,342,25.384615384615383
30,83,75,1,67,50.604323091523355,50,256,26.785714285714285
7,52,45,1,222,80.5385148690691,31,174,5.943396226415095
36,42,87,1,254,77.56896802614884,19,341,72.83720930232558
10,59,60,3,189,10.653170253717802,24,265,10.0
20,55,29,2,175,25.415162003385188,64,441,10.357142857142858
12,45,44,3,143,5.077756322696836,144,355,11.478260869565217
26,76,49,1,104,60.04564544157658,26,187,16.545454545454547
20,50,40,1,143,70.13470114187045,43,206,15.686274509803921
12,52,42,3,286,30.991780867267124,39,202,9.50943396226415
12,47,70,3,224,28.74072812316946,60,200,17.5
11,82,57,2,282,35.85575559261754,36,379,7.554216867469879
10,32,39,3,207,11.364953259157815,42,191,11.818181818181818
6,26,81,1,206,72.10535566854561,6,113,18.0
29,42,53,3,121,25.506048698275006,15,276,35.74418604651163
22,33,73,1,195,49.89083078002439,7,312,47.23529411764706
18,53,61,1,164,77.5560670115988,32,303,20.333333333333332
36,85,54,3,212,20.33843731925279,18,405,22.6046511627907
12,86,25,1,290,50.97628824533638,22,470,3.4482758620689653
27,28,87,1,298,60.60084644651477,13,309,81.0
37,23,55,1,263,75.07148574705761,44,308,84.79166666666667
14,85,47,3,290,22.184915566722122,15,455,7.651162790697675
29,24,23,3,208,19.21725245064885,117,473,26.68
20,43,33,3,296,20.11338423426052,78,428,15.0
21,87,32,1,208,45.3804369715893,34,197,7.636363636363637
36,77,74,1,264,91.35464609986924,23,292,34.15384615384615
32,43,63,1,283,22.473269288389268,24,488,45.81818181818182
11,39,76,3,126,22.641529432951284,120,471,20.9
13,69,74,1,116,88.93685638360827,9,429,13.742857142857142
13,80,40,3,209,12.304192142363512,42,486,6.419753086419753
31,77,61,3,177,22.4069326604035,87,109,24.243589743589745
10,36,31,1,228,43.09202763394525,35,283,8.378378378378379
22,24,30,2,74,10.406659843640876,96,394,26.4
32,40,85,2,250,41.983632611200974,70,214,66.34146341463415
18,62,46,1,278,20.349509608270186,27,277,13.142857142857142
17,89,49,3,230,5.036493246450683,39,447,9.255555555555556
10,80,87,2,69,48.015857581406536,14,265,10.74074074074074
34,84,74,3,226,22.169227035319736,42,473,29.6
13,48,62,2,76,46.09845931431487,38,439,16.448979591836736
33,86,26,3,230,19.134786408577842,132,371,9.862068965517242
29,70,24,2,262,44.63329485977304,50,392,9.80281690140845
36,42,54,1,243,75.49114874085954,29,468,45.2093023255814
17,89,40,1,194,48.51656304680098,27,255,7.555555555555555
6,47,38,1,257,94.27659671029015,41,435,4.75
29,77,26,1,166,21.786272537632925,42,298,9.666666666666666
5,70,29,3,278,32.86756076287876,39,243,2.0422535211267605
28,39,35,3,203,22.63199053434823,15,483,24.5
28,37,52,3,153,22.68543560915256,117,434,38.31578947368421
10,49,24,3,166,10.692863462858549,39,478,4.8
23,33,31,1,190,14.756365384349529,38,319,20.970588235294116
7,37,24,1,222,70.24597391349988,31,178,4.421052631578948
26,74,49,2,289,11.929183384844325,50,141,16.986666666666668
9,48,50,1,131,16.691781339469692,42,421,9.183673469387756
29,48,76,3,133,26.70264014495909,120,483,44.97959183673469
15,81,54,1,236,96.19034149203677,44,327,9.878048780487806
9,61,21,3,253,14.673775787718654,111,201,3.0483870967741935
14,36,72,1,189,58.102618449483444,5,375,27.243243243243242
12,73,69,3,63,31.270536184990466,102,490,11.18918918918919
29,61,24,2,96,16.695776632680015,22,137,11.225806451612904
28,36,38,2,252,14.61527052310769,40,480,28.756756756756758
37,38,65,1,229,53.97248038291012,48,472,61.666666666666664
37,89,77,2,87,14.423002913355374,68,164,31.655555555555555
16,71,69,2,287,48.173933151357964,50,213,15.333333333333334
36,24,35,1,292,92.8772202822419,28,129,50.4
15,66,34,1,63,83.39950800828683,38,226,7.611940298507463
5,75,59,3,271,28.376344907757726,18,197,3.8815789473684212
9,81,44,3,225,31.14728379669334,75,223,4.829268292682927
12,64,86,3,155,28.9680044533512,24,277,15.876923076923077
30,76,27,1,149,89.48856545101926,24,366,10.519480519480519
28,53,43,2,245,43.39882392810114,82,278,22.296296296296298
18,79,22,3,135,4.451684607519329,69,454,4.95
39,44,63,1,284,65.97027233864732,42,271,54.6
9,85,55,3,145,22.93908810424482,45,148,5.755813953488372
24,81,37,1,66,65.8045827066469,7,454,10.829268292682928
32,63,22,2,112,24.026244590298123,76,130,11.0
39,75,33,3,163,7.497961496482464,30,157,16.93421052631579
8,43,88,3,157,24.14490133288003,117,394,16.0
30,60,47,2,90,26.60304496770028,98,101,23.114754098360656
10,63,63,1,188,82.77618046044934,49,291,9.84375
23,63,80,2,256,24.278550484736698,80,340,28.75
24,82,23,3,93,32.040967786906336,45,418,6.650602409638554
39,83,26,3,153,26.598002844003204,114,181,12.071428571428571
28,34,56,2,130,32.870920031950845,42,346,44.8
14,68,84,1,217,63.86417765652665,32,326,17.043478260869566
31,75,67,3,146,28.320603718280847,117,254,27.32894736842105
31,64,54,3,297,26.44959037767586,42,301,25.753846153846155
25,80,41,3,247,20.660885068205072,102,240,12.654320987654321
21,20,32,3,210,31.689198850859626,45,499,32.0
23,49,78,1,297,45.230520213347916,29,333,35.88
29,73,34,3,81,3.7229659089391074,78,494,13.324324324324325
9,39,88,2,298,47.55977434277917,26,490,19.8
22,62,24,1,171,61.3328854807579,32,145,8.380952380952381
37,38,31,3,251,24.97415897486435,87,379,29.41025641025641
7,41,55,3,208,30.78079336890849,150,163,9.166666666666666
39,23,79,1,183,72.37013784817728,39,272,128.375
8,73,44,2,210,39.61722894721273,52,189,4.756756756756757
27,47,45,3,107,6.112468256549097,57,273,25.3125
11,87,78,1,283,42.005861370536614,32,292,9.75
18,43,83,3,292,16.138843555213985,51,215,33.95454545454545
38,44,31,1,266,25.9883942900807,34,471,26.177777777777777
6,79,58,1,284,29.478936502083187,25,267,4.35
14,57,76,2,89,43.33082662490271,78,198,18.344827586206897
27,45,77,3,79,20.32835965588073,90,303,45.19565217391305
28,67,46,3,120,11.52980459378606,123,452,18.941176470588236
10,20,29,1,294,97.48878994921787,21,347,13.80952380952381
29,64,43,2,208,8.29451991227468,44,246,19.184615384615384
39,44,77,1,96,53.65431004632448,34,293,66.73333333333333
21,78,69,2,105,39.199177718647775,36,486,18.341772151898734
9,58,56,2,205,19.729508366393965,70,415,8.542372881355933
18,71,80,2,202,43.81950945685417,60,469,20.0
16,33,86,2,176,49.98360804834966,52,409,40.470588235294116
24,46,57,1,187,63.540687536728704,17,279,29.106382978723403
12,81,80,1,148,62.0739522526021,8,230,11.707317073170731
5,33,67,2,121,49.16459689799423,52,279,9.852941176470589
10,33,45,1,248,40.391533274311385,24,160,13.235294117647058
7,47,84,1,139,97.35927497955193,26,100,12.25
34,59,30,3,254,22.438676976056346,93,319,17.0
24,78,35,2,224,10.182816797825126,68,426,10.632911392405063
17,69,46,1,288,58.078476230191036,6,127,11.17142857142857
32,79,81,1,90,13.834232180736294,33,278,32.4
17,37,36,1,250,49.83379964549617,48,268,16.105263157894736
32,71,63,2,79,12.55958339109911,32,243,28.0
10,56,29,1,116,97.56348229923242,28,114,5.087719298245614
16,50,42,1,234,80.33340435580321,27,187,13.176470588235293
18,42,75,1,91,71.26829831291894,8,363,31.3953488372093
11,27,39,2,200,26.810839529522728,90,297,15.321428571428571
34,83,33,2,172,29.345146798606663,42,380,13.357142857142858
10,57,88,1,291,12.293735459257459,9,300,15.172413793103448
27,67,57,1,216,99.76100465902036,35,203,22.63235294117647
11,66,71,2,293,13.666687096884276,46,493,11.656716417910447
17,79,23,3,158,12.12808190687744,78,167,4.8875
23,24,31,2,221,20.324605992606585,48,244,28.52
28,30,35,2,146,28.884072771896438,44,105,31.612903225806452
11,72,42,1,268,81.69674652968511,32,407,6.328767123287672
24,72,52,3,110,7.482885170387918,90,179,17.095890410958905
22,85,42,2,153,40.100991285237086,32,200,10.744186046511627
13,32,33,1,247,37.25249155202711,18,267,13.0
22,27,45,1,69,13.155609732624166,18,371,35.357142857142854
38,36,86,2,76,36.80544278698981,90,285,88.32432432432432
34,65,61,1,257,57.99365196242076,22,425,31.424242424242426
39,84,77,2,169,26.029626279790172,42,366,35.32941176470588
13,43,58,2,285,40.15710058773779,10,294,17.136363636363637
19,61,72,1,294,36.95403138329547,48,264,22.06451612903226
5,35,83,2,102,49.63961241723806,86,345,11.527777777777779
5,89,76,3,276,23.205446571083687,138,408,4.222222222222222
11,87,63,1,198,31.695059640870863,24,102,7.875
23,21,72,3,221,28.28938252038522,69,257,75.27272727272727
17,28,40,1,189,13.612716408151105,48,485,23.448275862068964
34,44,67,2,145,42.042938737318416,64,464,50.62222222222222
27,66,39,3,271,18.742339552838548,141,380,15.716417910447761
36,49,83,2,268,46.68041413977782,40,258,59.76
38,22,27,2,276,9.496171111249566,92,365,44.608695652173914
15,80,73,2,142,36.805116699827,84,270,13.518518518518519
22,65,58,1,96,73.26147437031199,35,472,19.333333333333332
13,25,31,3,182,8.729569990282863,120,179,15.5
34,61,29,1,161,86.55616428993305,28,346,15.903225806451612
16,24,58,1,87,76.32562150234862,9,136,37.12
20,76,70,3,89,27.892506896180066,57,294,18.181818181818183
32,54,29,3,173,20.82902871278523,150,466,16.87272727272727
6,27,78,3,260,19.358755875662897,27,396,16.714285714285715
33,57,21,3,231,24.900266926062155,30,440,11.948275862068966
13,28,26,3,275,33.26871183217818,15,439,11.655172413793103
16,85,70,1,78,59.056999541385494,35,106,13.023255813953488
8,67,76,1,199,94.48362821125102,41,330,8.941176470588236
17,63,34,1,229,96.1944418651334,17,242,9.03125
11,44,60,1,149,85.6952497953306,46,167,14.666666666666666
22,53,33,3,101,25.879499942947117,144,106,13.444444444444445
31,87,43,3,168,22.38719088590521,126,411,15.147727272727273
27,84,45,1,140,41.74595883320747,6,329,14.294117647058824
28,79,46,3,122,10.114512724061708,48,262,16.1
21,39,55,2,254,41.24955277271882,22,443,28.875
30,64,37,1,168,44.694468298954156,31,174,17.076923076923077
24,52,67,2,149,29.05285969203622,54,426,30.339622641509433
38,78,39,2,244,12.793053056279524,18,288,18.759493670886076
24,31,46,1,296,96.7831688197019,17,118,34.5
34,42,87,2,141,27.931249609479817,92,168,68.79069767441861
31,82,83,1,82,91.78345757782557,6,130,31.0
32,30,47,3,86,12.074256463127531,42,465,48.516129032258064
14,70,56,1,100,97.92900293762692,19,397,11.04225352112676
32,35,68,2,299,30.659755121482796,100,239,60.44444444444444
13,39,41,1,265,77.89139019992935,29,465,13.325
21,66,22,1,223,59.47884315655906,9,447,6.895522388059701
20,83,32,1,129,89.71650952440186,30,191,7.619047619047619
11,82,25,3,210,29.915883750905547,138,288,3.3132530120481927
9,36,63,1,261,57.111738033826995,46,200,15.324324324324325
7,47,42,2,66,45.884969376885934,38,159,6.125
